created_at,pull_requests
2016-01-31,1
2016-02-16,4
2016-02-17,1
2016-02-25,1
2016-02-26,1
2016-03-07,1
2016-03-13,1
2016-03-20,1
2016-04-06,2
2016-05-12,1
2016-05-26,1
2016-05-27,1
2016-05-31,1
2016-06-02,2
2016-06-06,1
2016-06-27,1
2016-07-12,1
2016-07-15,1
2016-07-18,1
2016-08-20,1
2016-09-01,1
2016-10-26,1
2016-11-18,1
2016-12-02,1
2016-12-14,1
2016-12-20,1
2017-01-14,1
2017-01-16,1
2017-03-07,1
2017-03-08,2
2017-07-06,1
2017-07-27,2
2017-08-04,2
2017-08-08,1
2017-08-11,1
2017-08-12,1
2017-08-13,2
2017-08-22,1
2017-08-31,1
2017-09-05,1
2017-09-06,1
2017-09-08,1
2017-09-15,1
2017-09-18,1
2017-09-20,1
2017-09-28,1
2017-10-03,1
2017-10-04,1
2017-10-09,1
2017-10-17,1
2017-10-18,1
2017-10-22,1
2017-11-03,1
2017-12-04,1
2017-12-22,1
2017-12-30,1
2018-01-10,2
2018-01-15,1
2018-01-16,1
2018-01-17,1
2018-01-22,1
2018-01-26,1
2018-01-28,2
2018-01-30,1
2018-02-10,1
2018-02-22,1
2018-02-25,1
2018-02-26,2
2018-03-04,2
2018-03-05,1
2018-03-07,1
2018-03-08,1
2018-03-12,1
2018-03-16,1
2018-03-20,1
2018-03-22,5
2018-03-23,4
2018-03-26,4
2018-03-27,2
2018-03-28,1
2018-03-29,2
2018-03-30,1
2018-04-01,1
2018-04-02,6
2018-04-03,2
2018-04-04,1
2018-04-08,1
2018-04-09,4
2018-04-10,2
2018-04-11,1
2018-04-12,2
2018-04-13,3
2018-04-14,4
2018-04-15,1
2018-04-16,2
2018-04-17,3
2018-04-18,4
2018-04-19,2
2018-04-20,1
2018-04-21,1
2018-04-22,1
2018-04-23,2
2018-04-24,2
2018-04-25,2
2018-04-26,3
2018-04-28,2
2018-04-29,8
2018-04-30,1
2018-05-02,2
2018-05-03,3
2018-05-04,2
2018-05-05,2
2018-05-06,4
2018-05-07,4
2018-05-08,2
2018-05-09,2
2018-05-10,2
2018-05-11,4
2018-05-13,2
2018-05-14,1
2018-05-15,2
2018-05-16,4
2018-05-17,2
2018-05-18,4
2018-05-21,1
2018-05-22,1
2018-05-23,3
2018-05-24,6
2018-05-29,2
2018-05-30,1
2018-05-31,2
2018-06-01,2
2018-06-04,1
2018-06-06,1
2018-06-07,1
2018-06-08,8
2018-06-09,2
2018-06-11,2
2018-06-12,1
2018-06-14,1
2018-06-15,2
2018-06-19,2
2018-06-20,3
2018-06-21,6
2018-06-22,2
2018-06-25,4
2018-06-26,2
2018-06-28,1
2018-06-29,3
2018-07-02,1
2018-07-04,1
2018-07-05,1
2018-07-09,1
2018-07-10,1
2018-07-11,4
2018-07-12,2
2018-07-13,3
2018-07-14,1
2018-07-15,1
2018-07-16,1
2018-07-17,6
2018-07-18,1
2018-07-19,2
2018-07-20,3
2018-07-24,3
2018-07-25,3
2018-07-27,4
2018-07-28,2
2018-07-30,3
2018-07-31,4
2018-08-01,5
2018-08-02,1
2018-08-03,3
2018-08-05,1
2018-08-06,3
2018-08-07,4
2018-08-08,4
2018-08-10,3
2018-08-11,1
2018-08-13,1
2018-08-14,4
2018-08-15,4
2018-08-17,3
2018-08-20,2
2018-08-23,2
2018-08-24,2
2018-08-25,1
2018-08-26,2
2018-08-27,1
2018-08-28,3
2018-08-29,2
2018-08-31,3
2018-09-01,2
2018-09-02,3
2018-09-03,1
2018-09-04,4
2018-09-08,1
2018-09-11,2
2018-09-12,2
2018-09-13,3
2018-09-16,2
2018-09-17,5
2018-09-18,3
2018-09-19,5
2018-09-20,3
2018-09-21,3
2018-09-22,2
2018-09-23,2
2018-09-24,1
2018-09-25,1
2018-09-26,2
2018-09-27,2
2018-09-28,1
2018-09-29,1
2018-10-02,1
2018-10-05,1
2018-10-08,3
2018-10-09,4
2018-10-11,1
2018-10-12,1
2018-10-13,1
2018-10-14,2
2018-10-15,1
2018-10-16,1
2018-10-17,1
2018-10-18,3
2018-10-20,1
2018-10-22,1
2018-10-23,4
2018-10-24,1
2018-10-25,1
2018-10-26,1
2018-10-29,1
2018-10-30,2
2018-10-31,3
2018-11-01,4
2018-11-02,4
2018-11-04,3
2018-11-05,4
2018-11-06,6
2018-11-07,7
2018-11-08,3
2018-11-09,2
2018-11-10,2
2018-11-11,1
2018-11-12,5
2018-11-13,1
2018-11-14,3
2018-11-15,2
2018-11-16,3
2018-11-17,1
2018-11-19,1
2018-11-20,1
2018-11-21,3
2018-11-22,1
2018-11-24,1
2018-11-25,1
2018-11-26,3
2018-11-27,2
2018-11-28,5
2018-11-30,3
2018-12-01,2
2018-12-02,3
2018-12-03,4
2018-12-04,1
2018-12-05,2
2018-12-06,4
2018-12-07,5
2018-12-08,1
2018-12-10,3
2018-12-11,3
2018-12-12,3
2018-12-13,5
2018-12-14,3
2018-12-15,1
2018-12-16,1
2018-12-17,3
2018-12-18,1
2018-12-19,4
2018-12-20,1
2018-12-21,2
2018-12-22,1
2018-12-23,1
2018-12-24,2
2018-12-25,2
2018-12-26,4
2018-12-27,4
2018-12-28,1
2018-12-29,1
2018-12-31,1
2019-01-01,1
2019-01-02,3
2019-01-03,2
2019-01-04,1
2019-01-07,1
2019-01-08,1
2019-01-09,2
2019-01-10,2
2019-01-11,4
2019-01-12,1
2019-01-13,1
2019-01-14,6
2019-01-15,5
2019-01-16,2
2019-01-17,3
2019-01-18,3
2019-01-21,5
2019-01-22,1
2019-01-23,3
2019-01-24,4
2019-01-25,2
2019-01-26,2
2019-01-27,1
2019-01-28,3
2019-01-29,4
2019-01-30,3
2019-01-31,1
2019-02-02,1
2019-02-03,1
2019-02-06,1
2019-02-09,1
2019-02-14,2
2019-02-15,5
2019-02-18,2
2019-02-19,1
2019-02-20,2
2019-02-21,1
2019-02-22,1
2019-02-23,1
2019-02-25,6
2019-02-26,2
2019-02-27,3
2019-02-28,6
2019-03-01,5
2019-03-04,5
2019-03-05,3
2019-03-06,4
2019-03-07,4
2019-03-08,4
2019-03-11,1
2019-03-12,5
2019-03-13,4
2019-03-14,3
2019-03-15,4
2019-03-18,1
2019-03-19,4
2019-03-21,3
2019-03-22,2
2019-03-23,1
2019-03-25,5
2019-03-26,4
2019-03-27,5
2019-03-28,6
2019-03-29,2
2019-03-30,1
2019-04-01,3
2019-04-04,3
2019-04-06,1
2019-04-08,3
2019-04-09,3
2019-04-10,5
2019-04-11,1
2019-04-12,3
2019-04-15,3
2019-04-16,3
2019-04-17,3
2019-04-18,2
2019-04-19,2
2019-04-20,1
2019-04-21,2
2019-04-22,4
2019-04-24,3
2019-04-25,3
2019-04-26,3
2019-04-28,4
2019-04-29,2
2019-04-30,3
2019-05-01,1
2019-05-02,2
2019-05-04,1
2019-05-05,4
2019-05-06,5
2019-05-07,3
2019-05-08,2
2019-05-09,2
2019-05-10,3
2019-05-12,1
2019-05-13,6
2019-05-14,1
2019-05-15,2
2019-05-16,1
2019-05-17,1
2019-05-18,1
2019-05-19,1
2019-05-20,3
2019-05-21,4
2019-05-22,4
2019-05-23,2
2019-05-24,3
2019-05-25,1
2019-05-26,1
2019-05-28,2
2019-05-29,4
2019-05-30,2
2019-05-31,1
2019-06-02,1
2019-06-04,6
2019-06-05,2
2019-06-06,3
2019-06-07,1
2019-06-08,2
2019-06-10,2
2019-06-11,4
2019-06-12,3
2019-06-13,2
2019-06-14,3
2019-06-15,2
2019-06-17,9
2019-06-18,1
2019-06-19,2
2019-06-21,1
2019-06-24,1
2019-06-25,2
2019-07-01,2
2019-07-02,5
2019-07-03,3
2019-07-04,1
2019-07-05,2
2019-07-06,1
2019-07-07,1
2019-07-08,5
2019-07-09,4
2019-07-10,1
2019-07-12,1
2019-07-13,1
2019-07-15,2
2019-07-16,1
2019-07-17,1
2019-07-18,1
2019-07-19,4
2019-07-21,1
2019-07-22,4
2019-07-23,2
2019-07-24,1
2019-07-25,3
2019-07-26,4
2019-07-28,1
2019-07-29,4
2019-07-30,2
2019-08-01,2
2019-08-02,6
2019-08-06,2
2019-08-07,5
2019-08-08,3
2019-08-09,5
2019-08-10,2
2019-08-12,2
2019-08-13,2
2019-08-14,2
2019-08-15,4
2019-08-16,1
2019-08-19,1
2019-08-23,1
2019-08-25,1
2019-08-27,2
2019-08-28,1
2019-08-29,4
2019-09-03,1
2019-09-04,4
2019-09-05,6
2019-09-06,3
2019-09-07,3
2019-09-08,1
2019-09-09,1
2019-09-10,1
2019-09-11,3
2019-09-12,5
2019-09-15,2
2019-09-16,3
2019-09-17,4
2019-09-18,6
2019-09-19,5
2019-09-20,2
2019-09-21,1
2019-09-22,2
2019-09-23,7
2019-09-24,6
2019-09-25,3
2019-09-26,3
2019-09-27,6
2019-09-28,2
2019-09-29,1
2019-09-30,5
2019-10-02,3
2019-10-03,2
2019-10-04,2
2019-10-05,2
2019-10-06,2
2019-10-07,1
2019-10-08,7
2019-10-09,6
2019-10-10,9
2019-10-11,4
2019-10-12,4
2019-10-13,4
2019-10-14,11
2019-10-15,8
2019-10-16,11
2019-10-17,8
2019-10-19,5
2019-10-20,3
2019-10-21,3
2019-10-22,3
2019-10-23,2
2019-10-24,8
2019-10-25,4
2019-10-26,1
2019-10-28,3
2019-10-29,7
2019-10-30,9
2019-10-31,8
2019-11-01,2
2019-11-04,3
2019-11-05,5
2019-11-06,4
2019-11-07,4
2019-11-08,5
2019-11-10,8
2019-11-11,1
2019-11-12,5
2019-11-13,5
2019-11-14,2
2019-11-15,3
2019-11-16,4
2019-11-17,3
2019-11-18,3
2019-11-19,1
2019-11-21,6
2019-11-22,4
2019-11-23,1
2019-11-25,7
2019-11-26,4
2019-11-27,10
2019-11-28,2
2019-11-29,2
2019-11-30,1
2019-12-02,3
2019-12-03,8
2019-12-04,4
2019-12-05,6
2019-12-06,1
2019-12-07,3
2019-12-08,1
2019-12-09,6
2019-12-10,6
2019-12-11,4
2019-12-12,5
2019-12-13,3
2019-12-15,1
2019-12-16,1
2019-12-17,2
2019-12-18,9
2019-12-19,3
2019-12-20,3
2019-12-22,4
2019-12-23,4
2019-12-24,2
2019-12-25,5
2019-12-26,3
2019-12-27,7
2019-12-28,2
2019-12-30,6
2019-12-31,1
2020-01-01,1
2020-01-02,1
2020-01-03,4
2020-01-04,4
2020-01-05,2
2020-01-06,5
2020-01-07,7
2020-01-08,8
2020-01-09,8
2020-01-10,6
2020-01-11,8
2020-01-12,6
2020-01-13,10
2020-01-14,10
2020-01-15,7
2020-01-16,5
2020-01-17,8
2020-01-18,1
2020-01-19,11
2020-01-20,18
2020-01-21,7
2020-01-22,2
2020-01-23,4
2020-01-24,9
2020-01-25,4
2020-01-26,2
2020-01-27,4
2020-01-28,6
2020-01-29,10
2020-01-30,9
2020-01-31,9
2020-02-01,9
2020-02-02,7
2020-02-03,11
2020-02-04,9
2020-02-05,7
2020-02-06,10
2020-02-07,9
2020-02-08,3
2020-02-09,8
2020-02-10,13
2020-02-11,14
2020-02-12,16
2020-02-13,11
2020-02-14,16
2020-02-15,7
2020-02-16,5
2020-02-17,4
2020-02-18,10
2020-02-19,8
2020-02-20,11
2020-02-21,7
2020-02-22,3
2020-02-23,7
2020-02-24,18
2020-02-25,15
2020-02-26,7
2020-02-27,7
2020-02-28,11
2020-02-29,8
2020-03-01,10
2020-03-02,21
2020-03-03,5
2020-03-04,11
2020-03-05,14
2020-03-06,8
2020-03-07,4
2020-03-08,10
2020-03-09,11
2020-03-10,9
2020-03-11,7
2020-03-12,17
2020-03-13,10
2020-03-14,3
2020-03-15,6
2020-03-16,8
2020-03-17,19
2020-03-18,14
2020-03-19,15
2020-03-20,12
2020-03-21,5
2020-03-22,4
2020-03-23,7
2020-03-24,14
2020-03-25,12
2020-03-26,13
2020-03-27,14
2020-03-28,7
2020-03-29,6
2020-03-30,8
2020-03-31,13
2020-04-01,10
2020-04-02,8
2020-04-03,12
2020-04-04,4
2020-04-05,1
2020-04-06,2
2020-04-07,9
2020-04-08,12
2020-04-09,17
2020-04-10,9
2020-04-11,4
2020-04-12,4
2020-04-13,7
2020-04-14,12
2020-04-15,14
2020-04-16,5
2020-04-17,5
2020-04-18,5
2020-04-19,1
2020-04-20,7
2020-04-21,10
2020-04-22,13
2020-04-23,11
2020-04-24,6
2020-04-25,2
2020-04-26,10
2020-04-27,18
2020-04-28,13
2020-04-29,8
2020-04-30,8
2020-05-01,2
2020-05-02,4
2020-05-03,6
2020-05-05,6
2020-05-06,9
2020-05-07,7
2020-05-08,15
2020-05-09,19
2020-05-10,5
2020-05-11,18
2020-05-12,17
2020-05-13,21
2020-05-14,16
2020-05-15,15
2020-05-16,16
2020-05-17,10
2020-05-18,11
2020-05-19,15
2020-05-20,14
2020-05-21,16
2020-05-22,18
2020-05-23,5
2020-05-25,14
2020-05-26,10
2020-05-27,3
2020-05-28,14
2020-05-29,13
2020-05-30,1
2020-05-31,5
2020-06-01,10
2020-06-02,7
2020-06-03,11
2020-06-04,8
2020-06-05,4
2020-06-06,1
2020-06-07,3
2020-06-08,8
2020-06-09,9
2020-06-10,11
2020-06-11,10
2020-06-12,12
2020-06-13,5
2020-06-14,6
2020-06-15,16
2020-06-16,17
2020-06-17,14
2020-06-18,12
2020-06-19,9
2020-06-20,2
2020-06-21,3
2020-06-22,7
2020-06-23,7
2020-06-24,5
2020-06-25,1
2020-06-26,3
2020-06-27,2
2020-06-28,5
2020-06-29,4
2020-06-30,6
2020-07-01,2
2020-07-02,10
2020-07-03,8
2020-07-04,2
2020-07-05,2
2020-07-06,12
2020-07-07,3
2020-07-08,4
2020-07-09,10
2020-07-10,7
2020-07-11,3
2020-07-13,8
2020-07-14,6
2020-07-15,5
2020-07-16,3
2020-07-17,4
2020-07-18,2
2020-07-19,2
2020-07-21,5
2020-07-22,13
2020-07-23,15
2020-07-24,3
2020-07-25,11
2020-07-26,5
2020-07-27,15
2020-07-28,13
2020-07-29,18
2020-07-30,8
2020-07-31,10
2020-08-01,5
2020-08-02,3
2020-08-03,12
2020-08-04,15
2020-08-05,23
2020-08-06,16
2020-08-07,9
2020-08-08,19
2020-08-09,6
2020-08-10,22
2020-08-11,16
2020-08-12,10
2020-08-13,14
2020-08-14,8
2020-08-15,8
2020-08-16,6
2020-08-17,12
2020-08-18,10
2020-08-19,13
2020-08-20,10
2020-08-21,21
2020-08-22,11
2020-08-23,6
2020-08-24,21
2020-08-25,13
2020-08-26,14
2020-08-27,16
2020-08-28,19
2020-08-29,2
2020-08-30,9
2020-08-31,25
2020-09-01,10
2020-09-02,15
2020-09-03,6
2020-09-04,16
2020-09-05,9
2020-09-06,5
2020-09-07,18
2020-09-08,22
2020-09-09,22
2020-09-10,16
2020-09-11,16
2020-09-12,6
2020-09-13,4
2020-09-14,14
2020-09-15,12
2020-09-16,19
2020-09-17,5
2020-09-18,13
2020-09-19,2
2020-09-20,3
2020-09-21,15
2020-09-22,14
2020-09-23,6
2020-09-24,9
2020-09-25,18
2020-09-26,1
2020-09-27,16
2020-09-28,16
2020-09-29,5
2020-09-30,10
2020-10-01,7
2020-10-02,3
2020-10-03,5
2020-10-04,5
2020-10-06,1
2020-10-08,7
2020-10-09,8
2020-10-10,3
2020-10-11,8
2020-10-12,16
2020-10-13,13
2020-10-14,6
2020-10-15,6
2020-10-16,8
2020-10-17,7
2020-10-18,6
2020-10-19,6
2020-10-20,6
2020-10-21,8
2020-10-22,10
2020-10-23,6
2020-10-24,2
2020-10-25,2
2020-10-26,6
2020-10-27,11
2020-10-28,5
2020-10-29,11
2020-10-30,17
2020-10-31,8
2020-11-01,4
2020-11-02,5
2020-11-03,6
2020-11-04,6
2020-11-05,7
2020-11-06,10
2020-11-07,9
2020-11-08,3
2020-11-09,21
2020-11-10,12
2020-11-11,10
2020-11-12,3
2020-11-13,5
2020-11-14,2
2020-11-15,5
2020-11-16,5
2020-11-17,10
2020-11-18,13
2020-11-19,11
2020-11-20,19
2020-11-21,17
2020-11-22,13
2020-11-23,5
2020-11-24,12
2020-11-25,12
2020-11-26,16
2020-11-27,16
2020-11-28,5
2020-11-29,9
2020-11-30,9
2020-12-01,23
2020-12-02,11
2020-12-03,14
2020-12-04,9
2020-12-06,1
2020-12-07,4
2020-12-08,6
2020-12-09,11
2020-12-10,4
2020-12-11,11
2020-12-12,2
2020-12-13,5
2020-12-14,10
2020-12-15,10
2020-12-16,12
2020-12-17,15
2020-12-18,2
2020-12-19,5
2020-12-20,1
2020-12-21,10
2020-12-22,11
2020-12-23,13
2020-12-24,17
2020-12-25,13
2020-12-26,1
2020-12-28,5
2020-12-29,12
2020-12-30,17
2020-12-31,9
2021-01-01,7
2021-01-02,1
2021-01-03,9
2021-01-04,15
2021-01-05,13
2021-01-06,14
2021-01-07,10
2021-01-08,11
2021-01-09,5
2021-01-10,2
2021-01-11,14
2021-01-12,11
2021-01-13,9
2021-01-14,13
2021-01-15,11
2021-01-16,1
2021-01-17,7
2021-01-18,12
2021-01-19,6
2021-01-20,10
2021-01-21,8
2021-01-22,7
2021-01-23,6
2021-01-24,4
2021-01-25,13
2021-01-26,8
2021-01-27,12
2021-01-28,12
2021-01-29,12
2021-01-30,3
2021-01-31,7
2021-02-01,13
2021-02-02,20
2021-02-03,16
2021-02-04,20
2021-02-05,9
2021-02-06,5
2021-02-07,17
2021-02-08,12
2021-02-09,12
2021-02-10,3
2021-02-16,1
2021-02-18,7
2021-02-19,13
2021-02-20,11
2021-02-21,1
2021-02-22,6
2021-02-23,8
2021-02-24,12
2021-02-25,9
2021-02-26,10
2021-02-27,1
2021-03-01,24
2021-03-02,8
2021-03-03,8
2021-03-04,5
2021-03-05,4
2021-03-06,2
2021-03-08,4
2021-03-09,3
2021-03-10,5
2021-03-11,7
2021-03-12,14
2021-03-13,3
2021-03-14,3
2021-03-15,12
2021-03-16,8
2021-03-17,13
2021-03-18,22
2021-03-19,10
2021-03-20,3
2021-03-21,3
2021-03-22,11
2021-03-23,11
2021-03-24,9
2021-03-25,12
2021-03-26,12
2021-03-27,1
2021-03-28,8
2021-03-29,4
2021-03-30,6
2021-03-31,4
2021-04-01,11
2021-04-02,10
2021-04-03,4
2021-04-04,4
2021-04-05,7
2021-04-06,9
2021-04-07,18
2021-04-08,6
2021-04-09,17
2021-04-10,14
2021-04-11,6
2021-04-12,15
2021-04-13,21
2021-04-14,5
2021-04-15,5
2021-04-16,7
2021-04-18,3
2021-04-19,6
2021-04-20,3
2021-04-21,1
2021-04-22,5
2021-04-23,9
2021-04-24,16
2021-04-25,4
2021-04-26,3
2021-04-27,5
2021-04-28,4
2021-04-29,5
2021-04-30,1
2021-05-01,10
2021-05-02,7
2021-05-03,4
2021-05-05,1
2021-05-06,4
2021-05-07,9
2021-05-08,6
2021-05-09,2
2021-05-10,8
2021-05-11,6
2021-05-12,10
2021-05-13,8
2021-05-14,10
2021-05-15,4
2021-05-16,1
2021-05-17,13
2021-05-18,8
2021-05-19,9
2021-05-20,10
2021-05-21,14
2021-05-22,1
2021-05-23,3
2021-05-24,7
2021-05-25,15
2021-05-26,17
2021-05-27,13
2021-05-28,17
2021-05-29,6
2021-05-30,10
2021-05-31,19
2021-06-01,14
2021-06-02,8
2021-06-03,12
2021-06-04,12
2021-06-05,9
2021-06-06,9
2021-06-07,10
2021-06-08,11
2021-06-09,16
2021-06-10,9
2021-06-11,17
2021-06-12,19
2021-06-13,3
2021-06-14,5
2021-06-15,12
2021-06-16,7
2021-06-17,11
2021-06-18,20
2021-06-19,3
2021-06-20,4
2021-06-21,6
2021-06-22,10
2021-06-23,12
2021-06-24,12
2021-06-25,7
2021-06-26,2
2021-06-27,4
2021-06-28,4
2021-06-29,9
2021-06-30,9
2021-07-01,8
2021-07-02,12
2021-07-03,6
2021-07-04,23
2021-07-05,5
2021-07-06,10
2021-07-07,13
2021-07-08,19
2021-07-09,9
2021-07-10,6
2021-07-11,5
2021-07-12,18
2021-07-13,17
2021-07-14,9
2021-07-15,12
2021-07-16,4
2021-07-17,1
2021-07-18,5
2021-07-19,10
2021-07-20,13
2021-07-21,8
2021-07-22,8
2021-07-23,8
2021-07-24,7
2021-07-25,7
2021-07-26,13
2021-07-27,21
2021-07-28,12
2021-07-29,8
2021-07-30,6
2021-07-31,2
2021-08-01,2
2021-08-02,10
2021-08-03,11
2021-08-04,16
2021-08-05,14
2021-08-06,15
2021-08-07,7
2021-08-08,9
2021-08-09,17
2021-08-10,11
2021-08-11,11
2021-08-12,11
2021-08-13,15
2021-08-14,9
2021-08-15,8
2021-08-16,14
2021-08-17,10
2021-08-18,17
2021-08-19,13
2021-08-20,13
2021-08-21,10
2021-08-22,6
2021-08-23,9
2021-08-24,20
2021-08-25,8
2021-08-26,24
2021-08-27,13
2021-08-28,8
2021-08-29,10
2021-08-30,21
2021-08-31,16
2021-09-01,19
2021-09-02,15
2021-09-03,16
2021-09-04,13
2021-09-05,6
2021-09-06,13
2021-09-07,22
2021-09-08,14
2021-09-09,14
2021-09-10,24
2021-09-11,8
2021-09-12,9
2021-09-13,17
2021-09-14,16
2021-09-15,13
2021-09-16,18
2021-09-17,14
2021-09-18,23
2021-09-19,6
2021-09-20,8
2021-09-21,2
2021-09-22,15
2021-09-23,22
2021-09-24,30
2021-09-25,7
2021-09-26,17
2021-09-27,14
2021-09-28,13
2021-09-29,19
2021-09-30,32
2021-10-01,9
2021-10-02,9
2021-10-03,4
2021-10-04,3
2021-10-05,5
2021-10-06,1
2021-10-07,9
2021-10-08,16
2021-10-09,15
2021-10-10,8
2021-10-11,8
2021-10-12,8
2021-10-13,4
2021-10-14,17
2021-10-15,5
2021-10-16,3
2021-10-17,5
2021-10-18,27
2021-10-19,17
2021-10-20,17
2021-10-21,16
2021-10-22,10
2021-10-23,4
2021-10-24,7
2021-10-25,17
2021-10-26,18
2021-10-27,15
2021-10-28,14
2021-10-29,17
2021-10-30,5
2021-10-31,4
2021-11-01,21
2021-11-02,12
2021-11-03,13
2021-11-04,11
2021-11-05,11
2021-11-06,7
2021-11-08,12
2021-11-09,10
2021-11-10,11
2021-11-11,7
2021-11-12,8
2021-11-13,5
2021-11-14,4
2021-11-15,19
2021-11-16,11
2021-11-17,12
2021-11-18,13
2021-11-19,10
2021-11-20,3
2021-11-21,5
2021-11-22,8
2021-11-23,13
2021-11-24,14
2021-11-25,8
2021-11-26,13
2021-11-27,2
2021-11-28,6
2021-11-29,6
2021-11-30,7
2021-12-01,9
2021-12-02,14
2021-12-03,14
2021-12-04,3
2021-12-05,2
2021-12-06,15
2021-12-07,16
2021-12-08,10
2021-12-09,10
2021-12-10,13
2021-12-11,6
2021-12-12,6
2021-12-13,6
2021-12-14,3
2021-12-15,10
2021-12-16,14
2021-12-17,18
2021-12-18,5
2021-12-19,4
2021-12-20,13
2021-12-21,20
2021-12-22,24
2021-12-23,21
2021-12-24,21
2021-12-25,16
2021-12-26,4
2021-12-27,17
2021-12-28,21
2021-12-29,27
2021-12-30,16
2021-12-31,15
2022-01-01,4
2022-01-02,9
2022-01-03,5
2022-01-04,17
2022-01-05,24
2022-01-06,21
2022-01-07,21
2022-01-08,5
2022-01-09,14
2022-01-10,25
2022-01-11,14
2022-01-12,17
2022-01-13,17
2022-01-14,34
2022-01-15,6
2022-01-16,7
2022-01-17,20
2022-01-18,23
2022-01-19,36
2022-01-20,32
2022-01-21,17
2022-01-22,11
2022-01-23,6
2022-01-24,15
2022-01-25,28
2022-01-26,20
2022-01-27,24
2022-01-28,23
2022-01-29,29
2022-01-30,15
2022-01-31,6
2022-02-01,5
2022-02-02,4
2022-02-03,3
2022-02-04,4
2022-02-05,8
2022-02-06,12
2022-02-07,8
2022-02-08,14
2022-02-09,24
2022-02-10,15
2022-02-11,19
2022-02-12,15
2022-02-13,6
2022-02-14,13
2022-02-15,11
2022-02-16,22
2022-02-17,21
2022-02-18,18
2022-02-19,11
2022-02-20,5
2022-02-21,19
2022-02-22,15
2022-02-23,17
2022-02-24,15
2022-02-25,13
2022-02-26,11
2022-02-27,2
2022-02-28,9
2022-03-01,16
2022-03-02,15
2022-03-03,11
2022-03-04,11
2022-03-05,8
2022-03-06,5
2022-03-07,19
2022-03-08,27
2022-03-09,38
2022-03-10,16
2022-03-11,26
2022-03-12,5
2022-03-13,16
2022-03-14,25
2022-03-15,13
2022-03-16,14
2022-03-17,18
2022-03-18,23
2022-03-19,11
2022-03-20,11
2022-03-21,19
2022-03-22,22
2022-03-23,18
2022-03-24,23
2022-03-25,21
2022-03-26,12
2022-03-27,20
2022-03-28,17
2022-03-29,23
2022-03-30,19
2022-03-31,12
2022-04-01,19
2022-04-02,15
2022-04-03,6
2022-04-04,12
2022-04-05,14
2022-04-06,6
2022-04-07,15
2022-04-08,22
2022-04-09,16
2022-04-10,9
2022-04-11,21
2022-04-12,19
2022-04-13,18
2022-04-14,26
2022-04-15,22
2022-04-16,8
2022-04-17,5
2022-04-18,17
2022-04-19,17
2022-04-20,24
2022-04-21,13
2022-04-22,20
2022-04-23,11
2022-04-24,26
2022-04-25,23
2022-04-26,21
2022-04-27,20
2022-04-28,21
2022-04-29,15
2022-04-30,25
2022-05-01,14
2022-05-02,24
2022-05-03,17
2022-05-04,14
2022-05-05,31
2022-05-06,32
2022-05-07,21
2022-05-08,16
2022-05-09,28
2022-05-10,29
2022-05-11,15
2022-05-12,16
2022-05-13,18
2022-05-14,16
2022-05-15,19
2022-05-16,28
2022-05-17,38
2022-05-18,19
2022-05-19,13
2022-05-20,20
2022-05-21,4
2022-05-22,12
2022-05-23,18
2022-05-24,24
2022-05-25,19
2022-05-26,28
2022-05-27,29
2022-05-28,14
2022-05-29,13
2022-05-30,16
2022-05-31,23
2022-06-01,20
2022-06-02,14
2022-06-03,7
2022-06-04,6
2022-06-05,5
2022-06-06,18
2022-06-07,16
2022-06-08,19
2022-06-09,19
2022-06-10,15
2022-06-11,9
2022-06-12,13
2022-06-13,19
2022-06-14,17
2022-06-15,8
2022-06-16,15
2022-06-17,12
2022-06-18,2
2022-06-19,5
2022-06-20,23
2022-06-21,18
2022-06-22,15
2022-06-23,25
2022-06-24,15
2022-06-25,15
2022-06-26,15
2022-06-27,15
2022-06-28,26
2022-06-29,19
2022-06-30,24
2022-07-01,21
2022-07-02,12
2022-07-03,17
2022-07-04,13
2022-07-05,28
2022-07-06,21
2022-07-07,27
2022-07-08,11
2022-07-09,9
2022-07-10,18
2022-07-11,27
2022-07-12,28
2022-07-13,31
2022-07-14,35
2022-07-15,70
2022-07-16,15
2022-07-17,18
2022-07-18,24
2022-07-19,27
2022-07-20,23
2022-07-21,31
2022-07-22,21
2022-07-23,13
2022-07-24,11
2022-07-25,15
2022-07-26,36
2022-07-27,21
2022-07-28,31
2022-07-29,36
2022-07-30,7
2022-07-31,12
2022-08-01,26
2022-08-02,38
2022-08-03,18
2022-08-04,28
2022-08-05,17
2022-08-06,18
2022-08-07,14
2022-08-08,34
2022-08-09,26
2022-08-10,17
2022-08-11,14
2022-08-12,30
2022-08-13,20
2022-08-14,18
2022-08-15,28
2022-08-16,14
2022-08-17,19
2022-08-18,23
2022-08-19,19
2022-08-20,8
2022-08-21,12
2022-08-22,32
2022-08-23,30
2022-08-24,22
2022-08-25,22
2022-08-26,44
2022-08-27,24
2022-08-28,16
2022-08-29,16
2022-08-30,15
2022-08-31,23
2022-09-01,15
2022-09-02,16
2022-09-03,9
2022-09-04,17
2022-09-05,26
2022-09-06,24
2022-09-07,21
2022-09-08,20
2022-09-09,14
2022-09-10,2
2022-09-11,16
2022-09-12,9
2022-09-13,11
2022-09-14,17
2022-09-15,16
2022-09-16,7
2022-09-17,10
2022-09-18,7
2022-09-19,15
2022-09-20,13
2022-09-21,11
2022-09-22,16
2022-09-23,14
2022-09-24,6
2022-09-25,7
2022-09-26,21
2022-09-27,10
2022-09-28,15
2022-09-29,13
2022-09-30,16
2022-10-01,12
2022-10-02,12
2022-10-03,13
2022-10-04,7
2022-10-05,8
2022-10-06,13
2022-10-07,5
2022-10-08,16
2022-10-09,19
2022-10-10,19
2022-10-11,25
2022-10-12,20
2022-10-13,10
2022-10-14,13
2022-10-15,17
2022-10-16,3
2022-10-17,10
2022-10-18,12
2022-10-19,6
2022-10-20,5
2022-10-21,19
2022-10-22,4
2022-10-23,6
2022-10-24,14
2022-10-25,21
2022-10-26,18
2022-10-27,24
2022-10-28,21
2022-10-29,7
2022-10-30,9
2022-10-31,12
2022-11-01,16
2022-11-02,9
2022-11-03,19
2022-11-04,13
2022-11-05,9
2022-11-06,4
2022-11-07,11
2022-11-08,23
2022-11-09,14
2022-11-10,14
2022-11-11,14
2022-11-12,32
2022-11-13,22
2022-11-14,15
2022-11-15,11
2022-11-16,23
2022-11-17,16
2022-11-18,14
2022-11-19,10
2022-11-20,17
2022-11-21,15
2022-11-22,15
2022-11-23,15
2022-11-24,13
2022-11-25,25
2022-11-26,14
2022-11-27,14
2022-11-28,21
2022-11-29,16
2022-11-30,23
2022-12-01,20
2022-12-02,29
2022-12-03,18
2022-12-04,17
2022-12-05,29
2022-12-06,18
2022-12-07,23
2022-12-08,11
2022-12-09,19
2022-12-10,15
2022-12-11,16
2022-12-12,12
2022-12-13,18
2022-12-14,9
2022-12-15,20
2022-12-16,21
2022-12-17,13
2022-12-18,15
2022-12-19,17
2022-12-20,14
2022-12-21,12
2022-12-22,17
2022-12-23,18
2022-12-24,16
2022-12-25,7
2022-12-26,11
2022-12-27,12
2022-12-28,8
2022-12-29,29
2022-12-30,30
2022-12-31,20
2023-01-01,17
2023-01-02,16
2023-01-03,29
2023-01-04,15
2023-01-05,25
2023-01-06,17
2023-01-07,10
2023-01-08,16
2023-01-09,30
2023-01-10,17
2023-01-11,20
2023-01-12,7
2023-01-13,6
2023-01-14,7
2023-01-15,13
2023-01-16,17
2023-01-17,15
2023-01-18,13
2023-01-19,17
2023-01-20,21
2023-01-21,7
2023-01-22,8
2023-01-23,7
2023-01-24,12
2023-01-25,3
2023-01-26,5
2023-01-27,17
2023-01-28,22
2023-01-29,21
2023-01-30,28
2023-01-31,21
2023-02-01,27
2023-02-02,19
2023-02-03,28
2023-02-04,18
2023-02-05,4
2023-02-06,13
2023-02-07,11
2023-02-08,9
2023-02-09,18
2023-02-10,11
2023-02-11,6
2023-02-12,8
2023-02-13,12
2023-02-14,12
2023-02-15,11
2023-02-16,14
2023-02-17,14
2023-02-18,8
2023-02-19,13
2023-02-20,11
2023-02-21,13
2023-02-22,14
2023-02-23,11
2023-02-24,8
2023-02-25,1
2023-02-26,5
2023-02-27,8
2023-02-28,16
2023-03-01,14
2023-03-02,11
2023-03-03,12
2023-03-04,11
2023-03-05,9
2023-03-06,1
2023-03-07,13
2023-03-08,9
2023-03-09,16
2023-03-10,10
2023-03-11,9
2023-03-12,10
2023-03-13,9
2023-03-14,16
2023-03-15,17
2023-03-16,14
2023-03-17,9
2023-03-18,4
2023-03-19,2
2023-03-20,14
2023-03-21,21
2023-03-22,21
2023-03-23,12
2023-03-24,24
2023-03-25,7
2023-03-26,11
2023-03-27,16
2023-03-28,5
2023-03-29,7
2023-03-30,12
2023-03-31,9
2023-04-01,13
2023-04-02,17
2023-04-03,25
2023-04-04,8
2023-04-05,7
2023-04-06,17
2023-04-07,15
2023-04-08,4
2023-04-09,3
2023-04-10,12
2023-04-11,23
2023-04-12,19
2023-04-13,5
2023-04-14,12
2023-04-15,3
2023-04-16,2
2023-04-17,12
2023-04-18,11
2023-04-19,19
2023-04-20,4
2023-04-21,11
2023-04-22,11
2023-04-23,10
2023-04-24,12
2023-04-25,14
2023-04-26,7
2023-04-27,31
2023-04-28,21
2023-04-29,6
2023-04-30,8
2023-05-01,2
2023-05-02,4
2023-05-03,12
2023-05-04,13
2023-05-05,16
2023-05-06,14
2023-05-07,8
2023-05-08,15
2023-05-09,12
2023-05-10,21
2023-05-11,28
2023-05-12,34
2023-05-13,14
2023-05-14,16
2023-05-15,14
2023-05-16,27
2023-05-17,27
2023-05-18,21
2023-05-19,21
2023-05-20,12
2023-05-21,19
2023-05-22,20
2023-05-23,5
2023-05-24,9
2023-05-25,19
2023-05-26,6
2023-05-27,5
2023-05-28,4
2023-05-29,14
2023-05-30,8
2023-05-31,15
2023-06-01,22
2023-06-02,13
2023-06-03,12
2023-06-04,7
2023-06-05,12
2023-06-06,11
2023-06-07,12
2023-06-08,19
2023-06-09,14
2023-06-10,9
2023-06-11,10
2023-06-12,19
2023-06-13,9
2023-06-14,21
2023-06-15,19
2023-06-16,11
2023-06-17,7
2023-06-18,19
2023-06-19,18
2023-06-20,22
2023-06-21,18
2023-06-22,13
2023-06-23,11
2023-06-24,7
2023-06-25,32
2023-06-26,31
2023-06-27,44
2023-06-28,24
2023-06-29,21
2023-06-30,9
2023-07-01,3
2023-07-02,6
2023-07-03,12
2023-07-04,7
2023-07-05,12
2023-07-06,12
2023-07-07,20
2023-07-08,14
2023-07-09,17
2023-07-10,23
2023-07-11,10
2023-07-12,15
2023-07-13,19
2023-07-14,17
2023-07-15,19
2023-07-16,12
2023-07-17,16
2023-07-18,22
2023-07-19,24
2023-07-20,21
2023-07-21,16
2023-07-22,11
2023-07-23,16
2023-07-24,27
2023-07-25,22
2023-07-26,26
2023-07-27,26
2023-07-28,25
2023-07-29,14
2023-07-30,9
2023-07-31,17
2023-08-01,17
2023-08-02,27
2023-08-03,23
2023-08-04,20
2023-08-05,13
2023-08-06,12
2023-08-07,21
2023-08-08,13
2023-08-09,5
2023-08-10,24
2023-08-11,11
2023-08-12,15
2023-08-13,6
2023-08-14,10
2023-08-15,19
2023-08-16,23
2023-08-17,13
2023-08-18,16
2023-08-19,7
2023-08-20,10
2023-08-21,16
2023-08-22,9
2023-08-23,14
2023-08-24,6
2023-08-25,8
2023-08-26,4
2023-08-27,13
2023-08-28,9
2023-08-29,16
2023-08-30,7
2023-08-31,6
2023-09-01,7
2023-09-02,5
2023-09-03,2
2023-09-04,10
2023-09-05,6
2023-09-06,7
2023-09-07,6
2023-09-08,8
2023-09-10,3
2023-09-11,5
2023-09-12,6
2023-09-13,5
2023-09-14,6
2023-09-15,7
2023-09-16,1
2023-09-17,2
2023-09-18,4
2023-09-19,8
2023-09-20,6
2023-09-21,3
2023-09-22,3
2023-09-23,5
2023-09-24,8
2023-09-25,11
2023-09-26,10
2023-09-27,14
2023-09-28,7
2023-09-29,1
2023-10-01,1
2023-10-02,3
2023-10-03,5
2023-10-04,8
2023-10-05,7
2023-10-06,7
2023-10-07,14
2023-10-08,15
2023-10-09,10
2023-10-10,5
2023-10-11,8
2023-10-12,14
2023-10-13,5
2023-10-14,3
2023-10-15,7
2023-10-16,10
2023-10-17,10
2023-10-18,7
2023-10-19,8
2023-10-20,14
2023-10-21,11
2023-10-22,5
2023-10-23,7
2023-10-24,7
2023-10-25,6
2023-10-26,3
2023-10-27,7
2023-10-28,1
2023-10-29,4
2023-10-30,5
2023-10-31,3
2023-11-01,3
2023-11-02,6
2023-11-03,6
2023-11-04,10
2023-11-05,4
2023-11-06,8
2023-11-07,10
2023-11-08,5
2023-11-09,6
2023-11-10,6
2023-11-11,5
2023-11-12,7
2023-11-13,7
2023-11-14,3
2023-11-15,4
2023-11-16,10
2023-11-17,7
2023-11-18,10
2023-11-19,6
2023-11-20,7
2023-11-21,16
2023-11-22,9
2023-11-23,14
2023-11-24,7
2023-11-25,8
2023-11-26,4
2023-11-27,8
2023-11-28,3
2023-11-29,3
2023-11-30,7
2023-12-01,8
2023-12-02,9
2023-12-03,3
2023-12-04,9
2023-12-05,14
2023-12-06,5
2023-12-07,6
2023-12-08,11
2023-12-09,10
2023-12-10,8
2023-12-11,12
2023-12-12,11
2023-12-13,8
2023-12-14,4
2023-12-15,8
2023-12-16,1
2023-12-17,5
2023-12-18,9
2023-12-19,16
2023-12-20,12
2023-12-21,10
2023-12-22,6
2023-12-23,10
2023-12-24,9
2023-12-25,8
2023-12-26,12
2023-12-27,12
2023-12-28,10
2023-12-29,10
2023-12-30,5
2023-12-31,5
2024-01-01,11
2024-01-02,10
2024-01-03,10
2024-01-04,9
2024-01-05,4
2024-01-06,2
2024-01-07,3
2024-01-08,4
2024-01-09,3
2024-01-10,5
2024-01-11,6
2024-01-12,6
2024-01-13,5
2024-01-14,6
2024-01-15,9
2024-01-16,6
2024-01-17,11
2024-01-18,10
2024-01-19,12
2024-01-20,7
2024-01-21,5
2024-01-22,9
2024-01-23,11
2024-01-24,17
2024-01-25,15
2024-01-26,6
2024-01-27,11
2024-01-28,10
2024-01-29,17
2024-01-30,10
2024-01-31,15
2024-02-01,14
2024-02-02,10
2024-02-03,7
2024-02-04,16
2024-02-05,9
2024-02-06,21
2024-02-07,28
2024-02-08,18
2024-02-09,2
2024-02-10,2
2024-02-11,12
2024-02-12,2
2024-02-13,18
2024-02-14,9
2024-02-15,12
2024-02-16,10
2024-02-17,8
2024-02-18,29
2024-02-19,11
2024-02-20,13
2024-02-21,15
2024-02-22,12
2024-02-23,7
2024-02-24,14
2024-02-25,6
2024-02-26,15
2024-02-27,14
2024-02-28,15
2024-02-29,8
2024-03-01,12
2024-03-02,6
2024-03-03,3
2024-03-04,11
2024-03-05,10
2024-03-06,3
